ID,Marca,Modelo,Precio
1,Chevrolet,2013,$470.68
2,Chevrolet,1994,$224.35
3,GMC,1994,$165.86
4,Volkswagen,2011,$300.62
5,Ford,1963,$262.31
6,BMW,2002,$142.49
7,Mercury,1994,$143.24
8,Chevrolet,1993,$495.42
9,Subaru,2003,$487.77
10,Porsche,1983,$214.80
11,Mercury,1991,$441.88
12,Dodge,2003,$374.74
13,Chevrolet,1999,$194.91
14,Mazda,2000,$358.41
15,Kia,1997,$261.90
16,BMW,2000,$445.10
17,Mercury,2001,$394.14
18,Toyota,2008,$405.45
19,Ford,2005,$197.26
20,Toyota,1994,$396.54
21,Ford,1993,$367.73
22,BMW,2002,$331.16
23,Volkswagen,2000,$294.44
24,Honda,1980,$444.15
25,Maserati,1990,$376.57
26,Isuzu,2002,$466.99
27,Dodge,1993,$145.26
28,Lamborghini,2006,$345.56
29,Volkswagen,2009,$477.31
30,Oldsmobile,1996,$434.55
31,Mazda,1995,$443.25
32,Toyota,1996,$487.38
33,Buick,1992,$141.80
34,Dodge,2004,$340.49
35,Lincoln,2011,$497.98
36,Mercedes-Benz,2011,$468.42
37,Acura,2003,$417.83
38,Hyundai,2012,$153.29
39,Land Rover,2012,$285.65
40,Maybach,2005,$329.58
41,Mazda,1993,$471.40
42,Chevrolet,2005,$379.52
43,BMW,2010,$311.58
44,Toyota,2010,$361.77
45,Dodge,1994,$285.53
46,GMC,2008,$140.12
47,Dodge,1999,$182.92
48,Pontiac,2008,$417.98
49,Mitsubishi,2000,$140.05
50,Ford,2011,$317.10
51,Toyota,2002,$255.73
52,Ford,2006,$384.53
53,Mazda,2007,$438.56
54,Dodge,1995,$393.20
55,GMC,1999,$316.17
56,Pontiac,2001,$246.89
57,Ford,2009,$196.56
58,BMW,2009,$199.90
59,GMC,2010,$369.52
60,Toyota,2009,$265.03
61,Subaru,2004,$251.91
62,Ford,2006,$493.42
63,GMC,1997,$374.04
64,Ford,2003,$122.29
65,Mazda,2008,$442.75
66,Land Rover,2011,$272.11
67,Oldsmobile,1993,$183.35
68,Mercedes-Benz,2000,$386.61
69,Chevrolet,1999,$135.47
70,Pontiac,1993,$387.96
71,Audi,2007,$217.50
72,Dodge,2010,$319.02
73,GMC,2009,$401.50
74,Mercedes-Benz,2001,$359.57
75,Panoz,2006,$217.56
76,Subaru,1993,$135.74
77,Toyota,1997,$188.73
78,Chevrolet,2005,$278.56
79,Mercedes-Benz,1992,$269.68
80,Lincoln,1996,$143.54
81,Aston Martin,2006,$103.13
82,Maserati,2006,$189.55
83,Dodge,1994,$105.10
84,Volkswagen,2012,$300.42
85,GMC,2002,$479.95
86,Toyota,2010,$222.80
87,Subaru,2002,$430.96
88,Toyota,2010,$250.37
89,Nissan,2009,$225.80
90,Volkswagen,1994,$446.18
91,Volkswagen,1998,$439.69
92,Kia,2009,$358.97
93,Buick,1994,$158.61
94,Lexus,1996,$475.01
95,Buick,2008,$298.78
96,Ford,2006,$485.39
97,Ford,1995,$251.49
98,Ford,1985,$417.32
99,Volkswagen,2012,$191.16
100,Mazda,2008,$491.97
101,Audi,1999,$304.75
102,Acura,1992,$327.42
103,Aston Martin,2009,$346.10
104,Mazda,2010,$313.82
105,Chevrolet,1992,$352.63
106,Hyundai,2010,$262.29
107,Mazda,1996,$453.66
108,Toyota,2009,$332.59
109,Chevrolet,1968,$297.33
110,Mercury,1995,$497.69
111,Ford,2005,$198.27
112,Audi,1986,$286.47
113,Saturn,2009,$273.28
114,Chevrolet,2006,$437.06
115,Dodge,1999,$410.69
116,Ford,2001,$218.99
117,Nissan,2004,$165.29
118,Mazda,2007,$192.20
119,GMC,2000,$135.20
120,Lexus,2010,$196.65
121,Ford,1990,$402.87
122,Volvo,2004,$155.69
123,Lincoln,2012,$233.85
124,Suzuki,2005,$362.13
125,Scion,2011,$475.26
126,Acura,2001,$454.47
127,Dodge,1998,$484.10
128,Chevrolet,2001,$472.43
129,Dodge,2001,$238.24
130,Nissan,2011,$471.73
131,Isuzu,1994,$378.24
132,Jeep,2007,$257.57
133,Land Rover,2001,$396.85
134,Chevrolet,2008,$372.31
135,Dodge,2001,$130.08
136,Chevrolet,1985,$197.50
137,Nissan,1994,$215.93
138,Nissan,2004,$227.05
139,Maybach,2006,$197.17
140,Chevrolet,2012,$488.01
141,GMC,1999,$379.75
142,Mercedes-Benz,2005,$418.15
143,Honda,2006,$182.03
144,Suzuki,2000,$126.32
145,Jaguar,2002,$404.77
146,Volkswagen,1990,$172.28
147,Cadillac,2002,$413.28
148,Mazda,2000,$180.38
149,Hummer,2008,$257.27
150,Buick,2003,$212.95
151,Porsche,2003,$301.87
152,Oldsmobile,1996,$426.66
153,Nissan,1992,$449.53
154,Hyundai,2011,$216.52
155,Isuzu,2001,$387.56
156,Land Rover,1994,$397.39
157,Toyota,2002,$102.85
158,Audi,2012,$380.56
159,Cadillac,2008,$393.27
160,Chevrolet,2004,$276.36
161,Subaru,2011,$310.11
162,Mercedes-Benz,2007,$242.81
163,Subaru,1990,$174.62
164,Geo,1993,$196.67
165,Hyundai,2000,$246.82
166,Volvo,1997,$197.36
167,Dodge,1997,$274.25
168,Toyota,1995,$223.79
169,Buick,2002,$270.02
170,Chevrolet,2004,$119.55
171,Chevrolet,1996,$291.71
172,Ford,1993,$151.28
173,Mazda,2010,$499.17
174,Ford,2007,$362.37
175,Bentley,2010,$174.67
176,Toyota,2004,$423.49
177,Mitsubishi,1991,$407.54
178,Lincoln,2012,$341.52
179,Lincoln,1992,$109.14
180,Chevrolet,2001,$466.84
181,Mitsubishi,1988,$355.01
182,Mercedes-Benz,2001,$463.96
183,Maserati,2005,$386.70
184,Nissan,1995,$142.39
185,Ford,2002,$291.92
186,Chevrolet,1996,$403.24
187,Lincoln,2013,$377.91
188,BMW,2010,$175.73
189,Suzuki,1997,$410.71
190,GMC,2000,$165.50
191,Infiniti,2010,$150.38
192,Ford,1985,$320.96
193,Mazda,2000,$448.54
194,Plymouth,1992,$161.82
195,Chevrolet,1996,$408.92
196,Lincoln,2007,$177.78
197,Toyota,2006,$116.28
198,Nissan,2005,$134.45
199,Nissan,2011,$288.64
200,Nissan,2007,$203.15
201,Ford,2003,$445.72
202,Chevrolet,1998,$444.61
203,Nissan,2000,$461.87
204,Porsche,1988,$459.83
205,Aston Martin,2005,$255.09
206,Ford,1995,$125.23
207,Audi,2009,$321.75
208,Chevrolet,1995,$156.90
209,Mercedes-Benz,1993,$454.48
210,Tesla,2011,$267.10
211,Dodge,1998,$281.17
212,Mercedes-Benz,2008,$300.11
213,Buick,1990,$285.89
214,Chevrolet,1997,$268.27
215,GMC,1998,$234.94
216,Scion,2012,$418.28
217,Infiniti,2008,$372.15
218,Mitsubishi,1992,$364.96
219,Honda,1993,$113.08
220,Suzuki,1991,$369.10
221,Mazda,2002,$477.91
222,Isuzu,1994,$445.40
223,Mercury,2002,$259.30
224,BMW,2005,$150.14
225,Ford,1992,$402.98
226,Acura,1992,$301.68
227,Suzuki,1994,$174.76
228,Toyota,2008,$129.95
229,Nissan,1994,$237.77
230,Audi,2008,$234.18
231,Kia,2009,$349.01
232,Toyota,1998,$200.35
233,Toyota,1995,$256.14
234,Mazda,2011,$438.63
235,Acura,1998,$469.09
236,Dodge,1995,$204.45
237,GMC,2007,$288.33
238,Isuzu,1999,$434.55
239,Chevrolet,1993,$187.21
240,Mitsubishi,1992,$346.97
241,Nissan,2003,$334.17
242,Nissan,2009,$312.88
243,Jeep,2007,$326.71
244,Mercedes-Benz,2012,$179.97
245,Dodge,1992,$272.51
246,Ford,1995,$282.95
247,Mitsubishi,2001,$390.60
248,Chevrolet,2010,$117.69
249,Holden,2004,$201.49
250,Ford,2003,$475.50
251,Ferrari,2008,$133.52
252,Eagle,1995,$373.63
253,BMW,1998,$434.02
254,Oldsmobile,1994,$498.12
255,Toyota,1997,$372.50
256,Hyundai,2002,$411.32
257,Chevrolet,2003,$272.36
258,Chevrolet,1968,$290.86
259,Nissan,1998,$285.49
260,Audi,2005,$496.70
261,Acura,2001,$339.69
262,Subaru,2004,$446.60
263,GMC,1994,$492.76
264,BMW,2010,$278.00
265,Dodge,1992,$410.56
266,Dodge,1995,$309.20
267,Saturn,2000,$293.29
268,Pontiac,1993,$241.10
269,Oldsmobile,1999,$101.55
270,Mitsubishi,1989,$267.94
271,Chevrolet,2001,$100.20
272,Chevrolet,2004,$301.45
273,Ford,2012,$183.04
274,Suzuki,2005,$221.93
275,Chrysler,1994,$498.65
276,GMC,2011,$268.98
277,Oldsmobile,1996,$224.13
278,Mercury,1989,$320.22
279,Toyota,1995,$434.24
280,Mitsubishi,2012,$243.98
281,Ford,2003,$338.75
282,Bentley,2010,$172.90
283,Hyundai,1995,$294.98
284,Pontiac,2009,$440.91
285,Volvo,2005,$357.64
286,Aston Martin,2012,$208.78
287,Suzuki,1993,$332.35
288,Oldsmobile,1995,$348.19
289,Lexus,2011,$476.67
290,Audi,2012,$246.35
291,Chevrolet,1998,$112.96
292,Volkswagen,1989,$173.73
293,Lexus,2001,$158.18
294,Mercury,1984,$187.56
295,Volkswagen,1987,$270.38
296,GMC,1996,$277.91
297,Dodge,2000,$281.26
298,Chevrolet,1980,$291.41
299,Plymouth,1996,$351.46
300,Volkswagen,2006,$395.21
301,Dodge,1994,$247.07
302,Dodge,2006,$297.50
303,Volkswagen,1993,$148.96
304,GMC,2003,$334.30
305,Chevrolet,1973,$273.29
306,Honda,1999,$247.61
307,Toyota,1995,$148.89
308,Mazda,1995,$177.67
309,Chrysler,1994,$457.53
310,Chrysler,2005,$387.56
311,Mercedes-Benz,1998,$328.26
312,Chevrolet,1998,$107.99
313,Toyota,2006,$349.42
314,Toyota,1995,$341.69
315,Chrysler,1992,$181.34
316,Hyundai,1999,$111.07
317,Dodge,2003,$129.07
318,Lexus,2012,$258.95
319,Ford,2002,$376.43
320,Mercedes-Benz,1987,$198.51
321,BMW,2010,$389.94
322,GMC,2006,$249.52
323,Pontiac,2009,$301.46
324,Hyundai,2001,$267.54
325,Suzuki,2006,$487.63
326,Ford,2004,$105.55
327,Lamborghini,2012,$171.60
328,Mercury,1995,$115.55
329,Chevrolet,2008,$457.97
330,GMC,2009,$357.73
331,Mercedes-Benz,1999,$358.95
332,Chevrolet,2006,$181.44
333,Subaru,2013,$386.52
334,Toyota,2012,$414.02
335,GMC,2001,$473.31
336,Acura,2002,$491.45
337,Chevrolet,2001,$210.09
338,Ford,1997,$320.06
339,Honda,2002,$209.87
340,Dodge,1995,$256.60
341,Chevrolet,2002,$148.97
342,Hyundai,2012,$291.94
343,Pontiac,1985,$450.52
344,Lincoln,2006,$397.89
345,Toyota,2012,$111.63
346,Chevrolet,2009,$464.29
347,Ford,2005,$266.21
348,Toyota,2011,$419.54
349,Shelby,1968,$306.70
350,Mercury,1992,$254.13
351,Ford,2004,$343.87
352,Panoz,2005,$277.27
353,BMW,2001,$116.22
354,Ford,1986,$442.64
355,BMW,2003,$362.91
356,Mazda,1994,$345.78
357,Ford,1999,$135.40
358,Lincoln,1992,$498.19
359,GMC,1992,$226.96
360,Dodge,2009,$156.85
361,Chevrolet,1994,$162.30
362,Toyota,2006,$159.70
363,Subaru,1999,$270.27
364,Lexus,2003,$448.84
365,Ford,2003,$450.32
366,Mercedes-Benz,2009,$239.53
367,MINI,2011,$193.58
368,Suzuki,1988,$267.75
369,Ram,2011,$101.00
370,Saab,1999,$296.18
371,Rolls-Royce,2013,$257.73
372,Nissan,2008,$316.28
373,Subaru,2005,$389.37
374,Audi,2007,$499.42
375,Hyundai,2008,$322.57
376,Ford,2002,$349.94
377,Suzuki,1996,$219.45
378,Ford,1988,$172.07
379,Ford,2010,$465.84
380,Lexus,2008,$388.39
381,Chrysler,2007,$183.15
382,Land Rover,1995,$167.25
383,Ford,1972,$304.36
384,Dodge,1992,$182.71
385,Nissan,2007,$171.15
386,Volkswagen,2010,$412.82
387,Jaguar,2005,$436.30
388,Cadillac,2007,$184.50
389,Mazda,1995,$265.06
390,Volkswagen,2011,$310.48
391,Ford,2009,$292.67
392,Mitsubishi,1992,$123.73
393,BMW,2003,$109.30
394,Honda,2001,$237.27
395,Lamborghini,1994,$315.01
396,Lincoln,1999,$151.77
397,Mitsubishi,2010,$408.77
398,Kia,2008,$325.25
399,Toyota,1993,$386.04
400,GMC,2003,$244.83
401,Hyundai,2011,$226.62
402,Chevrolet,1995,$107.88
403,Chevrolet,2002,$317.97
404,Ford,2007,$147.55
405,Chrysler,1993,$333.00
406,Cadillac,2009,$252.88
407,Ford,2004,$335.29
408,Isuzu,1993,$100.17
409,GMC,2006,$392.19
410,Lincoln,1992,$300.97
411,Toyota,2002,$414.92
412,Suzuki,1998,$334.53
413,Pontiac,1966,$495.59
414,Pontiac,1990,$283.33
415,Volvo,2009,$344.55
416,BMW,2012,$165.18
417,Hyundai,2007,$144.03
418,GMC,1999,$128.49
419,Volkswagen,1988,$112.19
420,Toyota,1999,$167.22
421,Porsche,2009,$484.01
422,Mazda,2012,$174.08
423,Bentley,2008,$394.46
424,Mazda,2008,$482.33
425,Audi,2009,$261.83
426,Hummer,2007,$189.78
427,Dodge,1996,$367.50
428,Volkswagen,1994,$256.90
429,Volkswagen,1999,$394.27
430,Buick,1988,$187.27
431,Lamborghini,1995,$237.59
432,Cadillac,2011,$427.42
433,Infiniti,2004,$184.63
434,Ford,1983,$136.36
435,Acura,2006,$114.32
436,Cadillac,2007,$295.91
437,Volkswagen,2002,$226.12
438,Isuzu,2001,$356.61
439,Buick,1988,$121.32
440,Mercedes-Benz,1996,$419.09
441,Suzuki,2002,$183.87
442,Saturn,1995,$123.95
443,Pontiac,2008,$278.95
444,Dodge,2009,$217.47
445,Suzuki,2008,$461.42
446,Ford,2010,$107.15
447,Ferrari,2006,$127.73
448,Dodge,2002,$390.05
449,Mercury,1989,$387.73
450,Mercury,1986,$452.26
451,Lincoln,2008,$218.75
452,Ford,1994,$176.19
453,Dodge,2004,$389.46
454,Plymouth,1992,$191.58
455,Volvo,2004,$290.26
456,GMC,1994,$177.36
457,Mitsubishi,2006,$472.23
458,Dodge,1993,$302.33
459,Porsche,2012,$139.20
460,BMW,2003,$436.55
461,Mercury,1986,$178.55
462,Cadillac,2012,$232.57
463,Lincoln,2003,$192.74
464,Porsche,2013,$411.38
465,Dodge,1996,$477.16
466,Mercedes-Benz,2008,$354.12
467,Honda,2006,$268.73
468,Pontiac,1968,$294.72
469,Buick,2009,$141.81
470,Mazda,1990,$140.08
471,Chevrolet,1997,$366.60
472,Ford,2008,$168.41
473,Kia,2008,$465.07
474,Chevrolet,1991,$200.53
475,GMC,2006,$102.45
476,Volvo,2006,$387.97
477,Mitsubishi,2001,$418.57
478,Audi,1987,$497.18
479,BMW,2013,$439.97
480,Mitsubishi,1997,$104.04
481,Lamborghini,2011,$268.12
482,Volkswagen,1993,$124.41
483,GMC,2012,$285.34
484,Buick,1989,$379.66
485,Infiniti,2003,$199.80
486,Chrysler,1992,$409.34
487,Chrysler,1995,$181.11
488,Ford,1988,$262.73
489,Hyundai,2005,$140.22
490,Toyota,2012,$344.95
491,Jeep,1993,$120.77
492,Mercedes-Benz,1993,$287.53
493,Ford,2007,$111.31
494,Ford,1996,$459.83
495,BMW,2004,$271.01
496,Lexus,2011,$260.73
497,Ford,1987,$230.77
498,GMC,2011,$131.40
499,Porsche,1993,$489.31
500,Ford,1994,$389.22
501,Land Rover,2008,$440.87
502,GMC,2009,$124.83
503,Suzuki,2004,$455.46
504,Chevrolet,2010,$351.96
505,GMC,2000,$456.79
506,Mazda,2010,$325.48
507,Ford,1986,$343.74
508,Cadillac,2008,$302.88
509,Ford,2007,$428.89
510,Audi,1993,$157.98
511,Chevrolet,2000,$433.12
512,Kia,2003,$173.62
513,Saturn,2007,$114.95
514,Eagle,1997,$149.69
515,Mazda,2002,$364.14
516,Mercury,1985,$277.93
517,Toyota,2000,$204.91
518,Pontiac,2002,$153.94
519,Dodge,2010,$143.95
520,Acura,2012,$237.02
521,Volkswagen,1990,$245.83
522,Mitsubishi,1995,$137.71
523,Chevrolet,1999,$279.09
524,Mitsubishi,1989,$177.68
525,Spyker,2006,$116.57
526,Aston Martin,2011,$208.60
527,Chevrolet,2001,$186.78
528,Buick,1999,$282.19
529,Lotus,2001,$283.64
530,Cadillac,1993,$129.36
531,Chevrolet,1993,$142.30
532,GMC,2012,$462.64
533,Toyota,1998,$157.08
534,Jaguar,1994,$366.84
535,Buick,1985,$245.56
536,Volvo,2008,$374.20
537,Volkswagen,1990,$175.05
538,BMW,2013,$333.20
539,Pontiac,1994,$287.59
540,Dodge,2003,$276.79
541,Toyota,2012,$477.91
542,Jeep,1996,$393.31
543,Dodge,1992,$363.35
544,Toyota,2007,$344.41
545,Chevrolet,1989,$393.53
546,Nissan,2010,$406.60
547,GMC,1993,$452.44
548,Mercedes-Benz,1991,$313.23
549,Isuzu,1998,$160.80
550,Toyota,2010,$300.77
551,GMC,2000,$237.77
552,Porsche,1994,$440.98
553,Aston Martin,2009,$102.64
554,Subaru,1987,$299.76
555,Audi,2009,$164.83
556,Ford,1985,$197.57
557,Pontiac,1991,$455.23
558,Shelby,1968,$382.22
559,Dodge,1992,$239.89
560,Saturn,2007,$264.21
561,Jeep,2012,$291.51
562,Toyota,1997,$410.27
563,Hyundai,2003,$228.08
564,Pontiac,2002,$213.45
565,Chevrolet,2000,$470.76
566,Mitsubishi,1984,$158.48
567,Chrysler,1993,$400.19
568,Mitsubishi,2002,$209.80
569,Volkswagen,2010,$241.09
570,GMC,2002,$136.78
571,Acura,1996,$446.08
572,Ford,2011,$349.39
573,BMW,2000,$488.65
574,Saab,2007,$360.86
575,Dodge,2005,$252.46
576,Chrysler,2009,$160.97
577,Buick,1988,$215.89
578,Dodge,2012,$242.03
579,Chrysler,2004,$314.66
580,Chevrolet,1994,$386.10
581,Ford,2008,$168.33
582,Lexus,2007,$390.46
583,Mercedes-Benz,2007,$243.81
584,Chevrolet,2006,$487.70
585,Mercury,1986,$441.19
586,Pontiac,1989,$177.46
587,Toyota,1992,$209.66
588,Scion,2006,$317.32
589,Honda,1995,$254.64
590,Mazda,1992,$244.45
591,Oldsmobile,2001,$142.05
592,Land Rover,2011,$443.18
593,Buick,1997,$346.65
594,Mercury,1987,$326.28
595,Nissan,2010,$170.19
596,Lincoln,2006,$454.52
597,Ford,1988,$170.03
598,Nissan,1998,$304.36
599,Mercedes-Benz,2008,$444.89
600,Chevrolet,2000,$119.32
601,Buick,2000,$290.31
602,Chevrolet,2006,$378.80
603,Toyota,2005,$281.43
604,Chevrolet,1993,$321.81
605,Subaru,2008,$244.81
606,Mitsubishi,2012,$125.52
607,Saturn,1999,$147.74
608,Lincoln,2012,$109.49
609,GMC,2006,$413.28
610,Pontiac,1961,$322.41
611,Mercedes-Benz,2012,$305.95
612,Austin,1963,$143.99
613,Volkswagen,2005,$218.68
614,Ford,2004,$100.73
615,Ford,1989,$391.96
616,Dodge,2010,$499.17
617,Cadillac,2008,$139.00
618,Toyota,1994,$261.02
619,Dodge,1997,$311.65
620,Chrysler,2007,$346.21
621,Honda,1997,$113.84
622,Toyota,2012,$345.01
623,Mercedes-Benz,1990,$170.39
624,Ford,1995,$107.10
625,Audi,1996,$108.20
626,Isuzu,2006,$468.67
627,Chevrolet,1994,$369.52
628,Chevrolet,2007,$100.91
629,Ford,2001,$288.00
630,Volvo,2008,$267.47
631,Chevrolet,2011,$393.95
632,Lamborghini,2002,$242.17
633,Ford,2000,$323.05
634,Buick,1998,$301.48
635,Mercedes-Benz,2008,$134.03
636,Mercury,1993,$164.27
637,Toyota,2008,$260.07
638,Pontiac,1987,$463.54
639,Dodge,1996,$121.72
640,Ford,2003,$245.08
641,GMC,2012,$234.80
642,Dodge,2010,$224.01
643,Porsche,2012,$239.13
644,Porsche,1990,$290.17
645,Hyundai,1993,$484.56
646,Mercedes-Benz,2005,$320.87
647,Pontiac,1968,$407.12
648,Mercury,1996,$370.99
649,Isuzu,2007,$282.16
650,Kia,1997,$278.31
651,Chevrolet,2001,$369.84
652,Isuzu,2006,$342.37
653,Mercedes-Benz,1993,$183.00
654,Jeep,1993,$236.33
655,Honda,1998,$211.10
656,Mercedes-Benz,2007,$214.01
657,Mitsubishi,1993,$230.74
658,Nissan,2006,$353.58
659,GMC,2005,$153.23
660,Chevrolet,1995,$443.65
661,Chrysler,2002,$383.61
662,Chevrolet,2001,$356.36
663,Volvo,2011,$418.04
664,Pontiac,1990,$296.76
665,Honda,2006,$171.64
666,GMC,2011,$164.83
667,Subaru,1992,$495.60
668,Cadillac,2009,$130.40
669,Dodge,2008,$356.39
670,Buick,2000,$242.82
671,Nissan,1999,$182.34
672,Nissan,2005,$120.64
673,Rolls-Royce,2008,$422.06
674,Mercedes-Benz,1993,$445.54
675,Audi,2010,$327.68
676,Audi,2001,$394.35
677,Ford,1984,$204.64
678,Chevrolet,2002,$361.26
679,Chevrolet,2010,$361.05
680,Cadillac,2006,$429.10
681,Mercury,1991,$444.28
682,Cadillac,2007,$275.20
683,BMW,2000,$238.63
684,Lamborghini,1987,$167.71
685,Audi,2001,$224.07
686,GMC,2006,$134.72
687,Lexus,2000,$392.32
688,Volvo,2007,$181.74
689,BMW,2004,$196.14
690,GMC,2003,$428.98
691,Ford,2011,$387.16
692,Jaguar,2009,$415.78
693,Chrysler,2001,$477.22
694,Mazda,2002,$280.40
695,Hummer,2007,$181.91
696,Lexus,2004,$480.18
697,Buick,2012,$201.51
698,Porsche,2001,$205.58
699,Mazda,1988,$413.82
700,Mercury,1995,$154.22
701,BMW,2012,$375.16
702,Mercury,2005,$122.93
703,Maserati,2008,$386.33
704,Kia,1995,$122.78
705,Dodge,2008,$298.36
706,Toyota,2007,$283.94
707,Chevrolet,1972,$288.44
708,Mercedes-Benz,2004,$390.60
709,Buick,2006,$259.65
710,Chrysler,2000,$320.24
711,Mitsubishi,2000,$323.60
712,Mazda,1983,$154.36
713,Toyota,2001,$120.65
714,Nissan,2012,$460.52
715,Dodge,1998,$366.17
716,Ford,1996,$128.39
717,Ford,1998,$469.96
718,Volkswagen,1996,$462.79
719,Mazda,2004,$245.35
720,Dodge,2009,$140.91
721,Pontiac,1995,$471.11
722,Cadillac,2012,$436.75
723,Mazda,2007,$410.71
724,Toyota,2002,$268.55
725,Mazda,2002,$352.62
726,Volvo,2010,$324.84
727,Acura,2012,$267.56
728,Toyota,2003,$198.74
729,Jeep,2002,$231.66
730,Acura,2010,$229.55
731,Bentley,2010,$233.81
732,Kia,1996,$104.55
733,Hyundai,2009,$176.99
734,Ford,1984,$158.66
735,Lexus,2000,$204.19
736,Bentley,2012,$461.61
737,Oldsmobile,1992,$445.06
738,Acura,2010,$191.35
739,Lexus,2011,$371.09
740,Volkswagen,1987,$317.98
741,Chevrolet,1993,$205.74
742,Kia,2009,$207.67
743,Honda,1988,$254.32
744,Mercury,1995,$280.75
745,Mazda,2009,$272.77
746,Mazda,1989,$428.64
747,Toyota,2005,$396.25
748,Mazda,1993,$301.12
749,Pontiac,2008,$489.91
750,Ford,1992,$158.69
751,Rolls-Royce,2012,$418.54
752,Toyota,2000,$431.15
753,Volkswagen,1997,$469.27
754,GMC,2007,$161.21
755,Pontiac,1998,$305.89
756,Ford,2000,$467.99
757,Honda,1994,$264.98
758,Pontiac,1995,$242.36
759,Oldsmobile,1992,$357.81
760,Ford,2006,$169.92
761,Oldsmobile,1994,$435.19
762,Chevrolet,2010,$258.44
763,Ford,2007,$303.85
764,Nissan,2006,$162.34
765,BMW,2004,$135.60
766,Mercedes-Benz,1992,$318.53
767,Mercury,1992,$489.48
768,Maserati,2005,$270.51
769,Plymouth,1993,$382.59
770,Honda,2001,$195.88
771,Chrysler,2005,$390.65
772,Mazda,2010,$120.33
773,Plymouth,1993,$142.06
774,Kia,2008,$491.21
775,Volvo,2011,$485.45
776,Suzuki,1990,$127.11
777,Chevrolet,2005,$265.98
778,Mercury,1991,$345.27
779,Chevrolet,2007,$186.35
780,Chevrolet,1960,$393.19
781,Volvo,2005,$303.14
782,Jeep,2009,$410.29
783,Acura,2002,$171.35
784,Chevrolet,1995,$467.33
785,Kia,2007,$415.50
786,Jaguar,2000,$249.78
787,Jeep,2005,$412.95
788,GMC,2012,$267.97
789,Jensen,1966,$259.70
790,Nissan,2012,$235.51
791,Honda,2004,$442.07
792,Cadillac,1997,$155.11
793,Buick,1990,$472.45
794,Lexus,2001,$409.06
795,Dodge,2007,$280.95
796,Mazda,2008,$305.66
797,Dodge,2008,$299.52
798,Mitsubishi,2000,$273.93
799,Mitsubishi,1989,$301.16
800,Lexus,1990,$277.23
801,BMW,2012,$361.80
802,Mitsubishi,2008,$216.66
803,Cadillac,2003,$123.83
804,Nissan,1993,$310.42
805,Mazda,2001,$337.09
806,Honda,1996,$167.16
807,Chevrolet,2003,$397.01
808,Chrysler,1992,$212.36
809,Ford,2006,$227.58
810,Pontiac,2003,$173.32
811,Infiniti,2003,$124.97
812,Nissan,1994,$241.25
813,Maybach,2011,$207.09
814,BMW,2009,$438.86
815,Mazda,2007,$426.76
816,Pontiac,1992,$114.67
817,Dodge,1969,$267.65
818,Kia,2009,$461.73
819,Ford,1989,$184.58
820,Dodge,2006,$186.02
821,Dodge,1976,$231.30
822,GMC,2010,$106.66
823,Isuzu,1996,$168.27
824,Mitsubishi,1993,$293.17
825,Ford,2002,$478.59
826,Nissan,2008,$420.67
827,Mercury,2004,$282.42
828,Toyota,2011,$490.85
829,Toyota,2002,$446.63
830,Pontiac,2008,$396.88
831,Chevrolet,2004,$197.20
832,Suzuki,2011,$386.99
833,Ford,2005,$490.07
834,Mercury,1997,$257.04
835,BMW,2000,$327.64
836,Mercedes-Benz,1985,$314.75
837,Ford,1996,$217.70
838,Dodge,1968,$200.66
839,Ford,2002,$488.80
840,Lamborghini,2012,$100.46
841,Chevrolet,1993,$161.30
842,Ford,2007,$390.44
843,Scion,2004,$259.50
844,Porsche,2008,$312.95
845,Honda,2009,$317.62
846,Nissan,2012,$163.27
847,Mercury,2005,$452.67
848,Land Rover,1992,$213.54
849,Buick,1984,$475.49
850,Dodge,1989,$344.85
851,Infiniti,2008,$246.27
852,Chrysler,2003,$275.17
853,Jaguar,2000,$225.74
854,Ford,2012,$280.31
855,Lincoln,2011,$258.54
856,Volkswagen,2008,$129.14
857,Plymouth,1997,$112.79
858,Mercury,2004,$346.84
859,Mazda,1990,$137.60
860,Honda,1998,$343.86
861,Hummer,2007,$476.53
862,Chevrolet,1993,$162.56
863,Ford,2011,$316.13
864,Toyota,1992,$421.34
865,Ford,2009,$306.81
866,Chevrolet,2006,$219.55
867,Porsche,2010,$216.30
868,Mercedes-Benz,2005,$391.58
869,Audi,2011,$497.14
870,Ford,1994,$356.40
871,Mazda,2011,$326.36
872,Dodge,1996,$458.16
873,Toyota,2000,$233.42
874,Dodge,2009,$182.55
875,Merkur,1985,$241.57
876,Chevrolet,1996,$372.16
877,Rolls-Royce,2011,$349.44
878,Chrysler,2000,$390.13
879,Chevrolet,1996,$101.32
880,Lotus,1997,$468.25
881,Kia,2005,$269.74
882,Jaguar,2008,$316.82
883,Mercedes-Benz,2004,$242.38
884,Bentley,2008,$214.80
885,Pontiac,1985,$200.66
886,Lexus,2010,$404.24
887,Lamborghini,2000,$495.92
888,Ford,2005,$429.57
889,MINI,2003,$140.34
890,Volvo,2006,$403.56
891,Toyota,2003,$239.88
892,Mercury,2008,$365.72
893,Nissan,2012,$260.05
894,Ford,1993,$345.04
895,Honda,1995,$235.17
896,Mercedes-Benz,2009,$229.53
897,Dodge,1999,$278.58
898,Lotus,2008,$482.59
899,Chevrolet,2005,$477.71
900,Honda,2007,$448.59
901,Infiniti,2011,$360.89
902,Ford,1986,$403.66
903,Nissan,2012,$252.88
904,Mercedes-Benz,1989,$153.92
905,Ferrari,2012,$477.80
906,Pontiac,1989,$403.40
907,GMC,2002,$120.53
908,Mazda,2001,$264.08
909,Hyundai,2012,$240.88
910,BMW,2009,$120.33
911,BMW,2000,$229.82
912,Mitsubishi,1988,$328.31
913,BMW,1993,$197.54
914,Oldsmobile,2000,$158.88
915,Hyundai,2003,$425.01
916,Buick,1994,$252.56
917,Bentley,2010,$429.47
918,Mitsubishi,1988,$437.92
919,Audi,1987,$370.25
920,Toyota,2003,$377.31
921,Pontiac,2004,$230.45
922,GMC,1999,$242.36
923,Chevrolet,2006,$144.22
924,Kia,2010,$332.22
925,Volkswagen,2000,$120.47
926,Chevrolet,1997,$217.08
927,Cadillac,2006,$477.24
928,Honda,1989,$135.69
929,Chrysler,1999,$450.21
930,Ford,1990,$355.93
931,Ford,1986,$440.99
932,Lincoln,2013,$131.11
933,Mercury,2000,$149.90
934,Ford,1993,$370.47
935,Buick,2012,$344.92
936,Land Rover,1997,$292.08
937,Nissan,2012,$453.72
938,Mercedes-Benz,1999,$493.39
939,BMW,2004,$115.63
940,Ford,2000,$136.23
941,Pontiac,1990,$246.25
942,Chevrolet,2004,$131.85
943,Dodge,2000,$473.81
944,Mercury,1970,$200.20
945,Nissan,2001,$360.61
946,Infiniti,2005,$191.71
947,Ford,2010,$319.41
948,GMC,1992,$402.62
949,Honda,2011,$320.58
950,Chevrolet,1998,$213.49
951,Mitsubishi,2003,$285.44
952,GMC,1993,$246.17
953,Plymouth,1992,$421.27
954,Land Rover,2012,$170.63
955,Volvo,2012,$442.88
956,Mercury,1998,$237.73
957,Ford,2003,$314.00
958,Mercury,2007,$429.96
959,Dodge,2002,$192.73
960,Mazda,1996,$153.43
961,Mercedes-Benz,1994,$201.98
962,GMC,2011,$451.87
963,Toyota,2005,$280.71
964,Oldsmobile,1993,$304.07
965,Chevrolet,2003,$156.87
966,Lincoln,1992,$267.58
967,GMC,2011,$158.15
968,Honda,2007,$311.77
969,Dodge,2006,$169.38
970,Dodge,1997,$295.28
971,Pontiac,2002,$247.85
972,Mazda,2007,$229.73
973,Ford,1985,$427.60
974,Lincoln,2005,$485.89
975,Mercedes-Benz,1984,$488.82
976,BMW,1999,$184.30
977,Chevrolet,1958,$254.25
978,Land Rover,2012,$387.15
979,Porsche,1995,$341.11
980,Audi,2008,$444.61
981,Pontiac,2007,$307.36
982,Dodge,2008,$339.24
983,Chevrolet,1996,$468.61
984,Volkswagen,1984,$395.69
985,Subaru,2002,$372.36
986,Lexus,2012,$187.02
987,Lincoln,2003,$288.17
988,Audi,1996,$267.24
989,Pontiac,2002,$176.77
990,Maybach,2009,$369.77
991,Ford,2013,$427.99
992,GMC,2004,$163.80
993,Mitsubishi,2001,$260.54
994,Suzuki,2006,$398.83
995,Dodge,2008,$197.94
996,Pontiac,1998,$369.36
997,Scion,2004,$266.65
998,Chrysler,1999,$308.60
999,Subaru,1988,$292.58
1000,Maserati,2005,$234.22
